ip_address,count,last_updated
38.254.177.177,16787,2026-01-11T23:10:33.397254
104.29.139.102,13784,2026-01-11T23:10:33.397283
142.250.182.138,2812,2026-01-11T23:10:33.397289
13.89.179.14,1816,2026-01-11T23:10:33.397293
216.239.38.223,1319,2026-01-11T23:10:33.397297
162.159.136.234,1118,2026-01-11T23:10:33.397301
142.251.43.106,665,2026-01-11T23:10:33.397304
34.54.84.110,474,2026-01-11T23:10:33.397308
155.133.224.22,163,2026-01-11T23:10:33.397312
162.159.130.233,97,2026-01-11T23:10:33.397315
38.254.162.7,91,2026-01-11T23:10:33.397319
20.141.12.34,68,2026-01-11T23:10:33.397322
142.250.182.106,56,2026-01-11T23:10:33.397326
162.159.128.235,54,2026-01-11T23:10:33.397329
155.133.225.18,52,2026-01-11T23:10:33.397333
155.133.224.21,48,2026-01-11T23:10:33.397336
142.250.182.97,45,2026-01-11T23:10:33.397339
204.79.197.222,44,2026-01-11T23:10:33.397343
20.50.88.238,42,2026-01-11T23:10:33.397346
52.123.128.14,41,2026-01-11T23:10:33.397350
18.209.201.158,36,2026-01-11T23:10:33.397353
52.123.129.254,35,2026-01-11T23:10:33.397356
35.186.224.39,32,2026-01-11T23:10:33.397360
15.197.149.64,32,2026-01-11T23:10:33.397363
150.171.28.254,31,2026-01-11T23:10:33.397367
52.5.25.187,30,2026-01-11T23:10:33.397370
162.159.135.232,27,2026-01-11T23:10:33.397373
142.251.12.95,25,2026-01-11T23:10:33.397377
13.107.246.254,25,2026-01-11T23:10:33.397380
96.17.194.233,25,2026-01-11T23:10:33.397383
70.153.80.24,25,2026-01-11T23:10:33.397386
216.239.32.223,23,2026-01-11T23:10:33.397390
23.50.13.179,20,2026-01-11T23:10:33.397394
113.44.253.43,18,2026-01-11T23:10:33.397397
103.56.228.140,15,2026-01-11T23:10:33.397400
146.75.123.52,13,2026-01-11T23:10:33.397404
23.57.251.49,10,2026-01-11T23:10:33.397407
13.107.246.68,9,2026-01-11T23:10:33.397410
150.171.85.254,7,2026-01-11T23:10:33.397414
52.113.196.254,5,2026-01-11T23:10:33.397417
103.10.124.118,4,2026-01-11T23:10:33.397421
172.255.8.172,4,2026-01-11T23:10:33.397424
146.66.155.73,4,2026-01-11T23:10:33.397427
185.25.183.163,4,2026-01-11T23:10:33.397430
155.133.246.50,4,2026-01-11T23:10:33.397434
103.28.54.167,4,2026-01-11T23:10:33.397437
155.133.248.40,4,2026-01-11T23:10:33.397440
155.133.230.102,4,2026-01-11T23:10:33.397444
169.150.222.50,4,2026-01-11T23:10:33.397447
185.25.182.19,4,2026-01-11T23:10:33.397450
162.254.198.49,4,2026-01-11T23:10:33.397454
162.254.193.98,4,2026-01-11T23:10:33.397457
103.10.125.40,4,2026-01-11T23:10:33.397460
45.121.184.26,4,2026-01-11T23:10:33.397464
162.254.192.67,4,2026-01-11T23:10:33.397467
155.133.238.178,4,2026-01-11T23:10:33.397470
162.254.196.85,4,2026-01-11T23:10:33.397474
162.254.197.44,4,2026-01-11T23:10:33.397477
162.254.199.170,4,2026-01-11T23:10:33.397480
155.133.252.53,4,2026-01-11T23:10:33.397484
146.66.152.42,4,2026-01-11T23:10:33.397487
155.133.227.36,4,2026-01-11T23:10:33.397490
4.213.25.241,2,2026-01-11T23:10:33.397494
